Currency Pair,Initial Capital (USD),Final LP Value (USD),Final FD Value (USD),Alpha vs. FD (USD),Total Fees Earned (USD),Impermanent Loss/Gain (USD),Net LP Profit vs HODL (USD)
MYR/USD,1000000,1899088.5109594855,1205050.333302546,694038.1776569395,690000.0,209088.51095948555,899088.5109594855
SGD/USD,1000000,1662081.7207648195,1204968.8690034696,457112.85176134994,689750.0,-27668.279235180467,662081.7207648195
