Currency Pair,Initial Capital (USD),Final LP Value (USD),Final FD Value (USD),Alpha vs. FD (USD),Total Fees Earned (USD),Impermanent Loss/Gain (USD),Net LP Profit vs HODL (USD)
MYR/USD,1000000,1897191.0165425886,1205131.803109177,692059.2134334117,690250.0,206941.0165425886,897191.0165425886
SGD/USD,1000000,1660654.9208431938,1205050.333302546,455604.5875406477,689999.9999999999,-29345.07915680611,660654.9208431938
